Description,Body,Cylinders,Description*,Drivetrain,Engine Displacement,Fuel System,Fuel Type,Generation,Make,Model,Sub-model,Transmission,Trim
Defender (2007-2016),,,,,,,,,Land Rover,,,,
Ghost 2009-2014,Sedan,,Ghost,,,,Gas,,Rolls-Royce,Ghost,Ghost 6.6L V12 Rear-Wheel Drive (RWD),,
Discovery 4 (2010-2016) [2.7 Diesel V6],,,,,,,,,Land Rover,,,,
Range Rover Evoque (2012-2018) [2.0 Turbo Diesel],,,,,,,,,Land Rover,,,,
Discovery Sport (2015+) [1.5 i3 Turbo Petrol AJ20P3],,,,,,,,,Land Rover,,,,
Range Rover (2010-2012) [3.6 V8 32V DOHC EFI Diesel],,,,,,,,,Land Rover,,,,
Range Rover Velar (2017+) [2.0 Turbo Diesel AJ21D4],,,,,,,,,Land Rover,,,,
Range Rover Sport (2005-2009) [2.7 Diesel V6],,,,,,,,,Land Rover,,,,
Defender (2020+) [2.0 Turbo Diesel],,,,,,,,,Land Rover,,,,
Defender (2020+) [3.0 I6 Turbo Petrol AJ20P6],,,,,,,,,Land Rover,,,,
Defender (2020+) [3.0 I6 Turbo Diesel AJ20D6],,,,,,,,,Land Rover,,,,
Defender (2020+) [2.0 Turbo Petrol AJ200P],,,,,,,,,Land Rover,,,,
Defender (2020+) [5.0 OHC SGDI SC V8 Petrol],,,,,,,,,Land Rover,,,,
Discovery 5 (2017+) [2.0 Turbo Petrol AJ200P],,,,,,,,,Land Rover,,,,
Discovery 5 (2017+) [3.0 Diesel 24V DOHC TC],,,,,,,,,Land Rover,,,,
Discovery 5 (2017+) [3.0 I6 Turbo Diesel AJ20D6],,,,,,,,,Land Rover,,,,
Discovery 5 (2017+) [3.0 I6 Turbo Petrol AJ20P6],,,,,,,,,Land Rover,,,,
Discovery 5 (2017+) [3.0 DOHC GDI SC V6 Petrol],,,,,,,,,Land Rover,,,,
Discovery 5 (2017+) [2.0 Turbo Diesel],,,,,,,,,Land Rover,,,,
Discovery 4 (2010-2016) [5.0 OHC SGDI NA V8 Petrol],,,,,,,,,Land Rover,,,,
Discovery 4 (2010-2016) [4.0 Petrol V6],,,,,,,,,Land Rover,,,,
Discovery 4 (2010-2016) [3.0 DOHC GDI SC V6 Petrol],,,,,,,,,Land Rover,,,,
Discovery 4 (2010-2016) [3.0 Diesel 24V DOHC TC],,,,,,,,,Land Rover,,,,
Discovery Sport (2015+) [2.2 Single Turbo Diesel],,,,,,,,,Land Rover,,,,
Discovery Sport (2015+) [2.0 Turbo Petrol GTDI],,,,,,,,,Land Rover,,,,
Discovery Sport (2015+) [2.0 Turbo Petrol AJ200P],,,,,,,,,Land Rover,,,,
Discovery Sport (2015+) [2.0 Turbo Diesel],,,,,,,,,Land Rover,,,,
Discovery Sport (2015+) [2.0 Turbo Diesel AJ21D4],,,,,,,,,Land Rover,,,,
Range Rover Velar (2017+) [5.0 OHC SGDI SC V8 Petrol],,,,,,,,,Land Rover,,,,
Range Rover Velar (2017+) [3.0 I6 Turbo Petrol AJ20P6],,,,,,,,,Land Rover,,,,
Range Rover Velar (2017+) [3.0 I6 Turbo Diesel AJ20D6],,,,,,,,,Land Rover,,,,
Range Rover Velar (2017+) [3.0 DOHC GDI SC V6 Petrol],,,,,,,,,Land Rover,,,,
Range Rover Velar (2017+) [3.0 Diesel 24V DOHC TC],,,,,,,,,Land Rover,,,,
Range Rover Velar (2017+) [2.0 Turbo Petrol AJ200P],,,,,,,,,Land Rover,,,,
Range Rover Velar (2017+) [2.0 Turbo Diesel],,,,,,,,,Land Rover,,,,
Range Rover Sport (2014+) [2.0 Turbo Diesel],,,,,,,,,Land Rover,,,,
Range Rover Sport (2010-2013) [3.0 Diesel 24V DOHC TC],,,,,,,,,Land Rover,,,,
Range Rover Sport (2005-2009) [4.4 AJ Petrol V8],,,,,,,,,Land Rover,,,,
Range Rover Sport (2005-2009) [4.2 Petrol V8 Supercharged],,,,,,,,,Land Rover,,,,
Range Rover Sport (2005-2009) [3.6 V8 32V DOHC EFI Diesel],,,,,,,,,Land Rover,,,,
Range Rover Sport (2010-2013) [5.0 OHC SGDI NA V8 Petrol],,,,,,,,,Land Rover,,,,
Range Rover Sport (2010-2013) [5.0 OHC SGDI SC V8 Petrol],,,,,,,,,Land Rover,,,,
Range Rover Sport (2010-2013) [3.6 V8 32V DOHC EFI Diesel],,,,,,,,,Land Rover,,,,
Range Rover Sport (2014+) [5.0 OHC SGDI SC V8 Petrol],,,,,,,,,Land Rover,,,,
Range Rover Sport (2014+) [4.4 DOHC Diesel V8 DITC],,,,,,,,,Land Rover,,,,
Range Rover Sport (2014+) [3.0 I6 Turbo Petrol AJ20P6],,,,,,,,,Land Rover,,,,
Range Rover Sport (2014+) [3.0 I6 Turbo Diesel AJ20D6],,,,,,,,,Land Rover,,,,
Range Rover Sport (2014+) [3.0 DOHC GDI SC V6 Petrol],,,,,,,,,Land Rover,,,,
Range Rover Sport (2014+) [3.0 Diesel 24V DOHC TC],,,,,,,,,Land Rover,,,,
Range Rover Sport (2014+) [2.0 Turbo Petrol GTDI],,,,,,,,,Land Rover,,,,
Range Rover Sport (2014+) [2.0 Turbo Petrol AJ200P],,,,,,,,,Land Rover,,,,
Range Rover Evoque (2019+) [1.5 I3 Turbo Petrol AJ20P3],,,,,,,,,Land Rover,,,,
Range Rover Evoque (2012-2018) [2.2 Single Turbo Diesel],,,,,,,,,Land Rover,,,,
Range Rover Evoque (2012-2018) [2.0 Turbo Petrol GTDI],,,,,,,,,Land Rover,,,,
Range Rover Evoque (2012-2018) [2.0 Turbo Petrol AJ200P],,,,,,,,,Land Rover,,,,
Range Rover Evoque (2019+) [2.0 Turbo Petrol AJ200P],,,,,,,,,Land Rover,,,,
Range Rover Evoque (2019+) [2.0 Turbo Diesel],,,,,,,,,Land Rover,,,,
Range Rover Evoque (2019+) [2.0 Turbo Diesel AJ21D4],,,,,,,,,Land Rover,,,,
Range Rover (2012-2021) [2.0 Turbo Petrol AJ200P],,,,,,,,,Land Rover,,,,
Range Rover (2022+) [3.0 I6 Turbo Diesel AJ20D6],,,,,,,,,Land Rover,,,,
Range Rover (2010-2012) [5.0 OHC SGDI NA V8 Petrol],,,,,,,,,Land Rover,,,,
Range Rover (2010-2012) [4.4 DOHC Diesel V8 DITC],,,,,,,,,Land Rover,,,,
Range Rover (2010-2012) [5.0 OHC SGDI SC V8 Petrol],,,,,,,,,Land Rover,,,,
Range Rover (2012-2021) [3.0 Diesel 24V DOHC TC],,,,,,,,,Land Rover,,,,
Range Rover (2012-2021) [2.0 Turbo Petrol GTDI],,,,,,,,,Land Rover,,,,
Range Rover (2012-2021) [3.0 DOHC GDI SC V6 Petrol],,,,,,,,,Land Rover,,,,
Range Rover (2012-2021) [5.0 OHC SGDI SC V8 Petrol],,,,,,,,,Land Rover,,,,
Range Rover (2012-2021) [5.0 OHC SGDI NA V8 Petrol],,,,,,,,,Land Rover,,,,
Range Rover (2012-2021) [4.4 DOHC Diesel V8 DITC],,,,,,,,,Land Rover,,,,
Range Rover (2012-2021) [3.0 I6 Turbo Petrol AJ20P6],,,,,,,,,Land Rover,,,,
Range Rover (2012-2021) [3.0 I6 Turbo Diesel AJ20P6],,,,,,,,,Land Rover,,,,
Range Rover (2022+) [4.4 V8 Turbo Petrol NC10],,,,,,,,,Land Rover,,,,
Range Rover (2022+) [3.0 I6 Turbo Petrol AJ20P6],,,,,,,,,Land Rover,,,,
Quattroporte (2013-2016) S V6 410bhp,,,,,,,,,Maserati,,,,
Quattroporte (2009-2012) Sport GTS,,,,,,,,,Maserati,,,,
Levante (2017+) S,,,,,,,,,Maserati,,,,
Ghibli (2017+),,,,,,,,,Maserati,,,,
GranTurismo (2017+) Special Edition Auto,,,,,,,,,Maserati,,,,
GranCabrio (2016+) MC,,,,,,,,,Maserati,,,,
4200 Spyder (2005-2007) GT,,,,,,,,,Maserati,,,,
GranCabrio (2013+) Sport,,,,,,,,,Maserati,,,,
Quattroporte (2013+) GTS,,,,,,,,,Maserati,,,,
GranCabrio (2010-2012),,,,,,,,,Maserati,,,,
GranTurismo (2017+) Sport Auto,,,,,,,,,Maserati,,,,
Quattroporte (2008-2012) 4.2,,,,,,,,,Maserati,,,,
Quattroporte (2013-2016) S Q4,,,,,,,,,Maserati,,,,
GranTurismo (2007-2010) Auto,,,,,,,,,Maserati,,,,
Ghibli (2017+) S,,,,,,,,,Maserati,,,,
GranTurismo (2014+) Auto,,,,,,,,,Maserati,,,,
Quattroporte (2008-2012) S 4.7,,,,,,,,,Maserati,,,,
GranCabrio (2010-2012) Sport,,,,,,,,,Maserati,,,,
GranTurismo (2012-2016) Sport CC,,,,,,,,,Maserati,,,,
GranCabrio (2016+) MC Centennial,,,,,,,,,Maserati,,,,
4200 Coupe (2002-2004) CC,,,,,,,,,Maserati,,,,
Aventador LP700 Coupe,,,,,,,,,Lamborghini,,,,
Quattroporte (2013-2016) V6 330bhp,,,,,,,,,Maserati,,,,
4200 Coupe (2002-2004) GT,,,,,,,,,Maserati,,,,
GranCabrio (2017+) Special Edition,,,,,,,,,Maserati,,,,
GranSport Coupe (2005-2007),,,,,,,,,Maserati,,,,
GranTurismo (2017+) Special Edition CC,,,,,,,,,Maserati,,,,
GranTurismo (2012-2016) Sport Auto,,,,,,,,,Maserati,,,,
GranSport Spyder (2005-2007),,,,,,,,,Maserati,,,,
4200 Coupe (2005-2007) GT,,,,,,,,,Maserati,,,,
4200 Coupe (2005-2007) CC,,,,,,,,,Maserati,,,,
GranTurismo (2011-2012) S,,,,,,,,,Maserati,,,,
Quattroporte (2013-2016) Diesel,,,,,,,,,Maserati,,,,
Ghibli (2014-2016) S,,,,,,,,,Maserati,,,,
Quattroporte (2017+) S V6 410bhp,,,,,,,,,Maserati,,,,
3200 GT / Assetto Corsa,,,,,,,,,Maserati,,,,
Quattroporte (2017+) S Q4,,,,,,,,,Maserati,,,,
GranTurismo (2008-2010) S,,,,,,,,,Maserati,,,,
Phantom 2003-2009,Sedan,,Phantom,,,,Gas,,Rolls-Royce,Phantom,Phantom 6.75L V12 Rear-Wheel Drive (RWD),,
Ghibli (2017+) Diesel,,,,,,,,,Maserati,,,,
GranCabrio (2013-2015) MC,,,,,,,,,Maserati,,,,
Quattroporte (2003-2007) Auto,,,,,,,,,Maserati,,,,
Quattroporte (2017+) Diesel,,,,,,,,,Maserati,,,,
Levante (2017+) Diesel,,,,,,,,,Maserati,,,,
Ghibli (2014-2016) S Q4,,,,,,,,,Maserati,,,,
Ghibli (2017+) S Q4,,,,,,,,,Maserati,,,,
Ghibli (2014-2016),,,,,,,,,Maserati,,,,
GranTurismo (2009-2012) S Auto,,,,,,,,,Maserati,,,,
4200 Spyder (2005-2007) CC,,,,,,,,,Maserati,,,,
GranTurismo MC Stradale,,,,,,,,,Maserati,,,,
Levante (2017+),,,,,,,,,Maserati,,,,
Quattroporte (2003-2007) DuoSelect,,,,,,,,,Maserati,,,,
Phantom Drophead Coupe,Sedan,,Phantom,,,,,,Rolls-Royce,Phantom,,,
GranCabrio (2013+),,,,,,,,,Maserati,,,,
Ghibli (2014-2016) Diesel,,,,,,,,,Maserati,,,,
GranTurismo (2011-2013) Auto,,,,,,,,,Maserati,,,,
Phantom Extended Wheelbase,Sedan,,Phantom,,,,,,Rolls-Royce,Phantom,,,
Phantom Coupe,Sedan,,Phantom,,,,,,Rolls-Royce,Phantom,,,
Huracan Evo Spyder,,,,,,,,,Lamborghini,,,,
Aventador LP720 Roadster,,,,,,,,,Lamborghini,,,,
Gallardo LP570 4 SL,,,,,,,,,Lamborghini,,,,
Huracan LP610 Spyder,,,,,,,,,Lamborghini,,,,
Huracan LP580 Coupe,,,,,,,,,Lamborghini,,,,
Murcielago LP640,,,,,,,,,Lamborghini,,,,
Diablo VT Roadster (1998-2000),,,,,,,,,Lamborghini,,,,
Gallardo (2008),,,,,,,,,Lamborghini,,,,
Diablo SV (1999),,,,,,,,,Lamborghini,,,,
Murcielago,,,,,,,,,Lamborghini,,,,
Aventador S,,,,,,,,,Lamborghini,,,,
Aventador LP700 Roadster,,,,,,,,,Lamborghini,,,,
Gallardo LP550 Coupe,,,,,,,,,Lamborghini,,,,
Diablo (1990-1998),,,,,,,,,Lamborghini,,,,
Aventador LP720 Coupe,,,,,,,,,Lamborghini,,,,
Urus,,,,,,,,,Lamborghini,,,,
Gallardo (2003-2005),,,,,,,,,Lamborghini,,,,
Huracan LP610 Coupe,,,,,,,,,Lamborghini,,,,
Gallardo Spyder,,,,,,,,,Lamborghini,,,,
Huracan LP640 Performante Coupe,,,,,,,,,Lamborghini,,,,
Aventador LP770 SVJ Coupe,,,,,,,,,Lamborghini,,,,
Gallardo (2006-2007),,,,,,,,,Lamborghini,,,,
Huracan Evo Coupe,,,,,,,,,Lamborghini,,,,
Diablo SV (1995-1997),,,,,,,,,Lamborghini,,,,
Diablo SV (1998),,,,,,,,,Lamborghini,,,,
Murcielago LP670,,,,,,,,,Lamborghini,,,,
Gallardo LP550 Spyder,,,,,,,,,Lamborghini,,,,
Gallardo LP560 Coupe,,,,,,,,,Lamborghini,,,,
Aventador LP750 SV Coupe,,,,,,,,,Lamborghini,,,,
Gallardo Superleggera,,,,,,,,,Lamborghini,,,,
Diablo VT 6.0 (2000-2001),,,,,,,,,Lamborghini,,,,
Gallardo LP560 Spyder,,,,,,,,,Lamborghini,,,,
Diablo GT (1999-2000),,,,,,,,,Lamborghini,,,,
Murcielago Roadster,,,,,,,,,Lamborghini,,,,
Murcielago LP640 Roadster,,,,,,,,,Lamborghini,,,,
Aventador LP750 SV Roadster,,,,,,,,,Lamborghini,,,,
Diablo SE30 (1993-1995),,,,,,,,,Lamborghini,,,,
Diablo VT (1993-1998),,,,,,,,,Lamborghini,,,,
F430 4.3L V8 Rear-Wheel Drive (RWD),Coupe,V8,F430 4.3L V8 Rear-Wheel Drive (RWD),Rear-Wheel Drive (RWD),4.3L,Multipoint Injection,Gas,F430 2004-2009,Ferrari,F430,,Manual,
LaFerrari,,,,,,,,,Ferrari,,,,
SF90 Stradale 2019-Present,Coupe,,SF90 Stradale,,,,Hybrid,,Ferrari,SF90,SF90 Stradale 4.0L V8 All-Wheel Drive (AWD),,Stradale
512 M,,,,,,,,,Ferrari,,,,
F12tdf 2015-2017,Coupe,,F12 tdf,,,,Gas,,Ferrari,F12,F12tdf 6.3L V12 Rear-Wheel Drive (RWD),,tdf
575 Superamerica,,,,,,,,,Ferrari,,,,
F8 Spider 2019-2023,Coupe,,F8 Spider,,,,Gas,,Ferrari,F8,F8 Spider 3.9L V8 Rear-Wheel Drive (RWD),,Spider
550 Maranello,,,,,,,,,Ferrari,,,,
458 Speciale 2013-2015,Coupe,,458 Speciale,,,,Gas,,Ferrari,458,458 Speciale 4.5L V8 Rear-Wheel Drive (RWD),,Speciale
California T 2012-2014,Convertible,,California T,,,,Gas,,Ferrari,California,California T 3.8L V8 Rear-Wheel Drive (RWD),,T
488 GTB 2015-2019,Coupe,,488 GTB,,,,Gas,,Ferrari,488,488 GTB 3.9L V8 Rear-Wheel Drive (RWD),,GTB
458 Italia 2009-2015,Coupe,,458 Italia,,,,Gas,,Ferrari,458,458 Italia 4.5L V8 Rear-Wheel Drive (RWD),,Italia
F355 1994-1999,Coupe,,F355,,,,Gas,,Ferrari,F355,"F355 3.5L V8 Rear-Wheel Drive (RWD) , F355 3.5L V8 Rear-Wheel Drive (RWD)",,
599 GTO 2010-2012,Coupe,,599 GTO,,,,Gas,,Ferrari,599,599 GTO 6.0L V12 Rear-Wheel Drive (RWD),,GTO
F8 Tributo 2019-Present,Coupe,,F8 Tributo,,,,Gas,,Ferrari,F8,F8 Tributo 3.9L V8 Rear-Wheel Drive (RWD),,Tributo
599 GTB Fiorano 2006-2012,Coupe,,599 GTB Fiorano,,,,Gas,,Ferrari,599,"599 GTB Fiorano 6.0L V12 Rear-Wheel Drive (RWD) , 599 GTB Fiorano 6.0L V12 Rear-Wheel Drive (RWD)",,GTB Fiorano
458 Spider 2011-2015,Convertible,,458 Spider,,,,Gas,,Ferrari,458,458 Spider 4.5L V8 Rear-Wheel Drive (RWD),,Spider
California F149 2008-2011,Convertible,,California F149,,,,Gas,,Ferrari,California F149,"California F149 4.8L V8 Rear-Wheel Drive (RWD) , California F149 4.8L V8 Rear-Wheel Drive (RWD)",,
430 Scuderia 2007-2009,Coupe,,430 Scuderia,,,,Gas,,Ferrari,430,430 Scuderia 4.3L V8 Rear-Wheel Drive (RWD),,Scuderia
F12 Berlinetta 2012-2015,Coupe,,F12 Berlinetta,,,,Gas,,Ferrari,F12,F12 Berlinetta 6.3L V12 Rear-Wheel Drive (RWD),,Berlinetta
Portofino 2017-2020,Coupe,,Portofino,,,,Gas,,Ferrari,Portofino,Portofino 3.9L V8 Rear-Wheel Drive (RWD),,
512 TR,,,,,,,,,Ferrari,,,,
F430 Spider 2005-2009,Convertible,,F430 Spider,,,,Gas,,Ferrari,F430,"F430 Spider 4.3L V8 Rear-Wheel Drive (RWD) , F430 Spider 4.3L V8 Rear-Wheel Drive (RWD)",,Spider
550 Barchetta,,,,,,,,,Ferrari,,,,
458 Speciale Aperta,Convertible,,458 Speciale Aperta,,,,Gas,,Ferrari,458,458 Speciale Aperta 4.5L V8 Rear-Wheel Drive (RWD),,Speciale Aperta
488 Spider 2016-2019,Convertible,,488 Spider,,,,Gas,,Ferrari,488,488 Spider 3.9L V8 Rear-Wheel Drive (RWD),,Spider
575M Maranello,,,,,,,,,Ferrari,,,,
F355 Spider 1995-1999,Convertible,,F355 Spider,,,,Gas,,Ferrari,F355,"F355 Spider 3.5L V8 Rear-Wheel Drive (RWD) , F355 Spider 3.5L V8 Rear-Wheel Drive (RWD)",,Spider
488 Pista 2018-Present,Coupe,,488 Pista,,,,Gas,,Ferrari,488,488 Pista 3.9L V8 Rear-Wheel Drive (RWD),,Pista
348 GTS 1993-1994,Coupe,,348 GTS,,,,Gas,,Ferrari,348,348 GTS 3.4L V8 Rear-Wheel Drive (RWD),,GTS
348 tb 1989-1993,Coupe,,348 tb,,,,Gas,,Ferrari,348,348 tb 3.4L V8 Rear-Wheel Drive (RWD),,tb
360 Modena 1999-2004,Coupe,V8,360 Modena 3.6L V8,,3.6L,,Gas,,Ferrari,360,"360 Modena 4.0L V8 Rear-Wheel Drive (RWD) , 360 Modena 4.0L V8 Rear-Wheel Drive (RWD)",,Modena
360 Challenge Stradale 2003-2005,Coupe,,360 Challenge Stradale,,,,Gas,,Ferrari,360,360 Challenge Stradale 3.6L V8 Rear-Wheel Drive (RWD),,Challenge Stradale
348 GTB 1993-1994,Coupe,,348 GTB,,,,Gas,,Ferrari,348,348 GTB 3.4L V8 Rear-Wheel Drive (RWD),,GTB
Continental GT 2013-2015,Coupe,,Continental GT,,,,Gas,,Bentley,Continental GT,"Continental GT 4.0L V8 All-Wheel Drive (AWD) , Continental GT S 4.0L V8 All-Wheel Drive (AWD) , Continental GT 6.0L W12 All-Wheel Drive (AWD) , Continental GT Speed 6.0L W12 All-Wheel Drive (AWD)",,
456 GT/GTA,,,,,,,,,Ferrari,,,,
360 Spider 2000-2005,Convertible,,360 Spider,,,,Gas,,Ferrari,360,"360 Spider 4.0L V8 Rear-Wheel Drive (RWD) , 360 Spider 4.0L V8 Rear-Wheel Drive (RWD)",,Spider
456 M GT/GTA,,,,,,,,,Ferrari,,,,
348 ts 1989-1993,Coupe,,348 ts,,,,Gas,,Ferrari,348,348 ts 3.4L V8 Rear-Wheel Drive (RWD),,ts
Continental GT 2019-Present,Coupe,,Continental GT,,,,Gas,,Bentley,Continental GT,Continental GT 4.0L V8 Rear-Wheel Drive (RWD),,
Flying Spur 2014-2019,,,Flying Spur,,,,,,Bentley,Flying Spur,,,
Mulsanne 2009-2016,,,Mulsanne,,,,Gas,,Bentley,Mulsanne,,,
Continental GT Supersports 2017-2018,Coupe,,Continental GT Supersports,,,,Gas,,Bentley,Continental GT,Continental GT Supersports 6.0L W12 All-Wheel Drive (AWD),,Supersports
Continental GT 4.0L V8 All-Wheel Drive (AWD),Coupe,V8,Continental GT 4.0L V8 All-Wheel Drive (AWD),All-Wheel Drive (AWD),4.0L,direct high-pressure fuel injection,Gas,Continental GT 2011-2013,Bentley,Continental GT,,Automatic,
Bentayga 4.0L V8 All-Wheel Drive (AWD),SUV,V8,Bentayga 4.0L V8 All-Wheel Drive (AWD),All-Wheel Drive (AWD),4.0L,Turbocharged Direct Injection,Gas,Bentayga 2015-2020,Bentley,Bentayga,,Automatic,
Continental GTC 2006-2009,Convertible,,Continental GTC,,,,Gas,,Bentley,Continental GTC,Continental GTC 6.0L W12 All-Wheel Drive (AWD),,
Continental GT Convertible 4.0L V8 Rear-Wheel Drive (RWD),"Convertible, Coupe",V8,Continental GT 4.0L V8 Rear-Wheel Drive (RWD),Rear-Wheel Drive (RWD),4.0L,Turbocharged Direct Injection,Gas,Continental GT Convertible 2019-Present,Bentley,Continental GT,,Automatic,
Bentayga 6.0L W12 All-Wheel Drive (AWD),SUV,W12,Bentayga 6.0L W12 All-Wheel Drive (AWD),All-Wheel Drive (AWD),6.0L,Turbocharged Direct Injection,Gas,Bentayga 2015-2020,Bentley,Bentayga,,Automatic,
Bentayga 2015-2020,SUV,,Bentayga,,,,"Diesel, Gas",,Bentley,Bentayga,"Bentayga 4.0L V8 All-Wheel Drive (AWD) , Bentayga 4.0L V8 All-Wheel Drive (AWD) , Bentayga 6.0L W12 All-Wheel Drive (AWD)",,
Bentayga 4.0L V8 All-Wheel Drive (AWD),SUV,V8,Bentayga 4.0L V8 All-Wheel Drive (AWD),All-Wheel Drive (AWD),4.0L,Turbocharged Common Rail,Diesel,Bentayga 2015-2020,Bentley,Bentayga,,Automatic,
Continental GT 2015-2017,Coupe,,Continental GT,,,,Gas,,Bentley,Continental GT,"Continental GT 4.0L V8 All-Wheel Drive (AWD) , Continental GT S 4.0L V8 All-Wheel Drive (AWD) , Continental GT 6.0L W12 All-Wheel Drive (AWD) , Continental GT Speed 6.0L W12 All-Wheel Drive (AWD)",,
Bentayga Hybrid 2018-Present,SUV,,Bentayga,,,,Hybrid,,Bentley,Bentayga,Bentayga Hybrid 3.0L V6 All-Wheel Drive (AWD),,
Bentayga Hybrid 3.0L V6 All-Wheel Drive (AWD),SUV,V6,Bentayga 3.0L V6 All-Wheel Drive (AWD),All-Wheel Drive (AWD),3.0L,Direct Injection,Hybrid,Bentayga Hybrid 2018-Present,Bentley,Bentayga,,Automatic,
Bentayga 2020-Present,SUV,,Bentayga,,,,Gas,,Bentley,Bentayga,Bentayga 4.0L V8 All-Wheel Drive (AWD),,
Bentayga 4.0L V8 All-Wheel Drive (AWD),SUV,V8,Bentayga 4.0L V8 All-Wheel Drive (AWD),All-Wheel Drive (AWD),4.0L,Turbocharged Direct Injection,Gas,Bentayga 2020-Present,Bentley,Bentayga,,Automatic,
Bentayga S 4.0L V8 All-Wheel Drive (AWD),SUV,V8,Bentayga S 4.0L V8 All-Wheel Drive (AWD),All-Wheel Drive (AWD),4.0L,Turbocharged Direct Injection,Gas,Bentayga S 2021-Present,Bentley,Bentayga,,Automatic,S
Bentayga S 2021-Present,SUV,,Bentayga S,,,,Gas,,Bentley,Bentayga,Bentayga S 4.0L V8 All-Wheel Drive (AWD),,S
Bentayga Speed 2019-2020,SUV,,Bentayga Speed,,,,Gas,,Bentley,Bentayga,Bentayga Speed 6.0L W12 Front-Wheel Drive (FWD),,Speed
Bentayga Speed 6.0L W12 Front-Wheel Drive (FWD),SUV,W12,Bentayga Speed 6.0L W12 Front-Wheel Drive (FWD),Front-Wheel Drive (FWD),6.0L,Turbocharged Direct Injection,Gas,Bentayga Speed 2019-2020,Bentley,Bentayga,,Automatic,Speed
Bentayga Speed 2020-Present,SUV,,Bentayga Speed,,,,Gas,,Bentley,Bentayga,Bentayga Speed 6.0L W12 All-Wheel Drive (AWD),,Speed
Bentayga Speed 6.0L W12 All-Wheel Drive (AWD),SUV,W12,Bentayga Speed 6.0L W12 All-Wheel Drive (AWD),All-Wheel Drive (AWD),6.0L,Turbocharged Direct Injection,Gas,Bentayga Speed 2020-Present,Bentley,Bentayga,,Automatic,Speed
Continental GT 2011-2013,Coupe,,Continental GT,,,,Gas,,Bentley,Continental GT,"Continental GT 4.0L V8 All-Wheel Drive (AWD) , Continental GT 6.0L W12 All-Wheel Drive (AWD)",,
Continental GT 6.0L W12 All-Wheel Drive (AWD),Coupe,W12,Continental GT 6.0L W12 All-Wheel Drive (AWD),All-Wheel Drive (AWD),6.0L,direct high-pressure fuel injection,Gas,Continental GT 2011-2013,Bentley,Continental GT,,Automatic,
Continental GT 6.0L W12 All-Wheel Drive (AWD),Coupe,W12,Continental GT 6.0L W12 All-Wheel Drive (AWD),All-Wheel Drive (AWD),6.0L,Turbocharged Multipoint Injection,Gas,Continental GT 2013-2015,Bentley,Continental GT,,Automatic,
Continental GT 4.0L V8 All-Wheel Drive (AWD),Coupe,V8,Continental GT 4.0L V8 All-Wheel Drive (AWD),All-Wheel Drive (AWD),4.0L,Turbocharged Direct Injection,Gas,Continental GT 2013-2015,Bentley,Continental GT,,Automatic,
Continental GT Speed 6.0L W12 All-Wheel Drive (AWD),Coupe,W12,Continental GT Speed 6.0L W12 All-Wheel Drive (AWD),All-Wheel Drive (AWD),6.0L,Turbocharged Multipoint Injection,Gas,Continental GT 2013-2015,Bentley,Continental GT,,Automatic,Speed
Continental GT S 4.0L V8 All-Wheel Drive (AWD),Coupe,V8,Continental GT S 4.0L V8 All-Wheel Drive (AWD),All-Wheel Drive (AWD),4.0L,Turbocharged Direct Injection,Gas,Continental GT 2013-2015,Bentley,Continental GT,,Automatic,S
Continental GT 4.0L V8 All-Wheel Drive (AWD),Coupe,V8,Continental GT 4.0L V8 All-Wheel Drive (AWD),All-Wheel Drive (AWD),4.0L,Turbocharged Direct Injection,Gas,Continental GT 2015-2017,Bentley,Continental GT,,Automatic,
Continental GT S 4.0L V8 All-Wheel Drive (AWD),Coupe,V8,Continental GT S 4.0L V8 All-Wheel Drive (AWD),All-Wheel Drive (AWD),4.0L,Turbocharged Direct Injection,Gas,Continental GT 2015-2017,Bentley,Continental GT,,Automatic,S
Continental GT 6.0L W12 All-Wheel Drive (AWD),Coupe,W12,Continental GT 6.0L W12 All-Wheel Drive (AWD),All-Wheel Drive (AWD),6.0L,Turbocharged Multipoint Injection,Gas,Continental GT 2015-2017,Bentley,Continental GT,,Automatic,
Continental GT Speed 6.0L W12 All-Wheel Drive (AWD),Coupe,W12,Continental GT Speed 6.0L W12 All-Wheel Drive (AWD),All-Wheel Drive (AWD),6.0L,Turbocharged Multipoint Injection,Gas,Continental GT 2015-2017,Bentley,Continental GT,,Automatic,Speed
Continental GT Supersports 6.0L W12 All-Wheel Drive (AWD),Coupe,W12,Continental GT Supersports 6.0L W12 All-Wheel Drive (AWD),All-Wheel Drive (AWD),6.0L,Turbocharged Multipoint Injection,Gas,Continental GT Supersports 2017-2018,Bentley,Continental GT,,Automatic,Supersports
Continental GT 2017-Present,Coupe,,Continental GT,,,,Gas,,Bentley,Continental GT,"Untitled    , Continental GT 6.0L W12 All-Wheel Drive (AWD)",,
Continental GT 6.0L W12 All-Wheel Drive (AWD),Coupe,W12,Continental GT 6.0L W12 All-Wheel Drive (AWD),All-Wheel Drive (AWD),6.0L,Turbocharged Direct Injection,Gas,Continental GT 2017-Present,Bentley,Continental GT,,Automatic,
Continental GT Convertible 2019-Present,"Convertible, Coupe",,Continental GT,,,,Gas,,Bentley,Continental GT,Continental GT Convertible 4.0L V8 Rear-Wheel Drive (RWD),,
Continental GT 4.0L V8 Rear-Wheel Drive (RWD),Coupe,,Continental GT,,,Turbocharged Direct Injection,Gas,Continental GT 2019-Present,Bentley,Continental GT,,Automatic,
Continental GT Speed Convertible 2021-Present,"Convertible, Coupe",,Continental GT Speed,,,,Gas,,Bentley,Continental GT,Continental GT Speed Convertible 6.0L W12 All-Wheel Drive (AWD),,Speed
Continental GT Speed Convertible 6.0L W12 All-Wheel Drive (AWD),"Convertible, Coupe",W12,Continental GT Speed 6.0L W12 All-Wheel Drive (AWD),All-Wheel Drive (AWD),6.0L,Direct Injection,Gas,Continental GT Speed Convertible 2021-Present,Bentley,Continental GT,,Automatic,Speed
Continental GT Speed 2021-Present,Coupe,,Continental GT Speed,,,,Gas,,Bentley,Continental GT,"Continental GT Speed 4.0L V8 Rear-Wheel Drive (RWD) , Continental GT Speed 6.0L W12 All-Wheel Drive (AWD)",,Speed
Continental GT Speed 4.0L V8 Rear-Wheel Drive (RWD),Coupe,V8,Continental GT Speed 4.0L V8 Rear-Wheel Drive (RWD),Rear-Wheel Drive (RWD),4.0L,,Gas,Continental GT Speed 2021-Present,Bentley,Continental GT,,Automatic,Speed
Continental GT Speed 6.0L W12 All-Wheel Drive (AWD),Coupe,W12,Continental GT Speed 6.0L W12 All-Wheel Drive (AWD),All-Wheel Drive (AWD),6.0L,DIrect Injection,Gas,Continental GT Speed 2021-Present,Bentley,Continental GT,,Automatic,Speed
Continental GTC 6.0L W12 All-Wheel Drive (AWD),Convertible,W12,Continental GTC 6.0L W12 All-Wheel Drive (AWD),All-Wheel Drive (AWD),6.0L,Turbocharged Multipoint Injection,Gas,Continental GTC 2006-2009,Bentley,Continental GTC,,Automatic,
Continental GTC Speed 2009-2013,Convertible,,Continental GTC Speed,,,,Gas,,Bentley,Continental GTC,,,Speed
Continental GTC 2011-2013,Convertible,,Continental GTC,,,,Gas,,Bentley,Continental GTC,,,
Continental GTC 2012-2015,Convertible,,Continental GTC,,,,Gas,,Bentley,Continental GTC,,,
Continental GTC 2015-2018,Convertible,,Continental GTC,,,,Gas,,Bentley,Continental GTC,,,
Continental GTC Supersports 2017-Present,Convertible,,Continental GTC Supersports,,,,Gas,,Bentley,Continental GTC,,,Supersports
Continental GTC 2018-Present,Convertible,,Continental GTC,,,,Gas,,Bentley,Continental GTC,,,
Flying Spur 2019-Present,,,Flying Spur,,,,,,Bentley,Flying Spur,,,
Mulliner Bacalar 2020-Present,,,Mulliner Bacalar,,,,,,Bentley,Mulliner Bacalar,,,
Batur 2022-Present,,,Batur,,,,,,Bentley,Batur,,,
Mulsanne 2016-Present,,,Mulsanne,,,,Gas,,Bentley,Mulsanne,,,
Phantom 6.75L V12 Rear-Wheel Drive (RWD),Sedan,V12,Phantom 6.75L V12 Rear-Wheel Drive (RWD),Rear-Wheel Drive (RWD),6.75L,Direct Injection,Gas,Phantom 2003-2009,Rolls-Royce,Phantom,,Automatic,
Wraith 2013-Present,Coupe,,Wraith,,,,Gas,,Rolls-Royce,Wraith,Wraith 6.6L V12 Rear-Wheel Drive (RWD),,
Wraith 6.6L V12 Rear-Wheel Drive (RWD),Coupe,V12,Wraith 6.6L V12 Rear-Wheel Drive (RWD),Rear-Wheel Drive (RWD),6.6L,Direct Injection,Gas,Wraith 2013-Present,Rolls-Royce,Wraith,,Automatic,
Ghost II 2014 - 2020,Sedan,,Ghost,,,,,,Rolls-Royce,Ghost,,,
Ghost 2020-Present,Sedan,,Ghost,,,,,,Rolls-Royce,Ghost,,,
Ghost 6.6L V12 Rear-Wheel Drive (RWD),Sedan,V12,Ghost 6.6L V12 Rear-Wheel Drive (RWD),Rear-Wheel Drive (RWD),6.6L,Turbocharged Direct Injection,Gas,Ghost 2009-2014,Rolls-Royce,Ghost,,Automatic,
DB9 2010-2012,Coupe,,DB9,,,,Gas,,Aston-Martin,DB9,"DB9 6.0L V12 AT Rear-Wheel Drive (RWD) , DB9 6.0L V12 MT Rear-Wheel Drive (RWD)",,
DB9 2013-2016,Coupe,,DB9,,,,Gas,,Aston-Martin,DB9,"DB9 5.9L V12 AT Rear-Wheel Drive (RWD) , DB9 5.9L V12 MT Rear-Wheel Drive (RWD)",,
DB9 2004-2010,Coupe,,DB9,,,,Gas,,Aston-Martin,DB9,"DB9 6.0L V12 AT Rear-Wheel Drive (RWD)  , DB9 6.0L V12 MT Rear-Wheel Drive (RWD)",,
DB9 Carbon Edition 2014-2015,Coupe,,DB9 Carbon Edition,,,,Gas,,Aston-Martin,DB9,DB9 Carbon Edition 6.0L V12 Rear-Wheel Drive (RWD),,Carbon Edition
DB9 6.0L V12 AT Rear-Wheel Drive (RWD),Coupe,V12,DB9 6.0L V12 Rear-Wheel Drive (RWD),Rear-Wheel Drive (RWD),6.0L,Multipoint Injection,Gas,DB9 2004-2010,Aston-Martin,DB9,,Automatic,
DB9 6.0L V12 MT Rear-Wheel Drive (RWD),Coupe,V12,DB9 6.0L V12 Rear-Wheel Drive (RWD),Rear-Wheel Drive (RWD),6.0L,Multipoint Injection,Gas,DB9 2004-2010,Aston-Martin,DB9,,Manual,
DB9 6.0L V12 AT Rear-Wheel Drive (RWD),Coupe,V12,DB9 6.0L V12 Rear-Wheel Drive (RWD),Rear-Wheel Drive (RWD),6.0L,Multipoint Injection,Gas,DB9 2010-2012,Aston-Martin,DB9,,Automatic,
DB9 6.0L V12 MT Rear-Wheel Drive (RWD),Coupe,V12,DB9 6.0L V12 Rear-Wheel Drive (RWD),Rear-Wheel Drive (RWD),6.0L,Multipoint Injection,Gas,DB9 2010-2012,Aston-Martin,DB9,,Manual,
DB9 5.9L V12 AT Rear-Wheel Drive (RWD),Coupe,V12,DB9 5.9L V12 Rear-Wheel Drive (RWD),Rear-Wheel Drive (RWD),5.9L,Multipoint Injection,Gas,DB9 2013-2016,Aston-Martin,DB9,,Automatic,
DB9 5.9L V12 MT Rear-Wheel Drive (RWD),Coupe,V12,DB9 5.9L V12 Rear-Wheel Drive (RWD),Rear-Wheel Drive (RWD),5.9L,Multipoint Injection,Gas,DB9 2013-2016,Aston-Martin,DB9,,Manual,
DB9 Carbon Edition 6.0L V12 Rear-Wheel Drive (RWD),Coupe,V12,DB9 Carbon Edition 6.0L V12 Rear-Wheel Drive (RWD),Rear-Wheel Drive (RWD),6.0L,Direct injection,Gas,DB9 Carbon Edition 2014-2015,Aston-Martin,DB9,,Automatic,Carbon Edition
Rapide S 2013-2018,Coupe,,Rapide S,,,,Gas,,Aston-Martin,Rapide,Rapide S 6.0L V12 Rear-Wheel Drive (RWD),,S
Rapide S 6.0L V12 Rear-Wheel Drive (RWD),Coupe,V12,Rapide S 6.0L V12 Rear-Wheel Drive (RWD),Rear-Wheel Drive (RWD),6.0L,Direct Injection,Gas,Rapide S 2013-2018,Aston-Martin,Rapide,,Automatic,S
Escalade 2000-2006,SUV,,Escalade,,,,Gas,,Cadillac,Escalade,"Escalade 5.3L V8 Rear-Wheel Drive (RWD) , Escalade 6.0L V8 Rear-Wheel Drive (RWD)",,
Escalade ESV 2002-2006,SUV,,Escalade ESV,,,,Gas,,Cadillac,Escalade,Escalade ESV 6.0L V8 All-Wheel Drive (AWD),,ESV
Escalade 2006-2013,SUV,,Escalade,,,,Gas,,Cadillac,Escalade,Escalade 6.2L V8 All-Wheel Drive (AWD),,
Escalade 2014-2020,SUV,,Escalade,,,,Gas,,Cadillac,Escalade,"Escalade 6.2L V8 Rear-Wheel Drive (RWD) , Escalade 6.2L V8 All-Wheel Drive (AWD) ",,
Escalade 2020-Present,SUV,,Escalade,,,,"Diesel, Gas",,Cadillac,Escalade,"Escalade 6.2L V8 All-Wheel Drive (AWD)  , Escalade 6.2L V8 Rear-Wheel Drive (RWD) , Escalade 6.2L L6 All-Wheel Drive (AWD) , Escalade 6.2L L6 Rear-Wheel Drive (RWD)",,
Escalade V,SUV,,Escalade V,,,,Gas,,Cadillac,Escalade,Escalade V 6.2L V8 All-Wheel Drive (AWD),,V
Escalade IQ 2023-Present,SUV,,Escalade IQ,,,,Electric,,Cadillac,Escalade,Escalade IQ 200 KWh All-Wheel Drive (AWD),,IQ
Escalade 5.3L V8 Rear-Wheel Drive (RWD),SUV,V8,Escalade 5.3L V8 Rear-Wheel Drive (RWD),Rear-Wheel Drive (RWD),5.3L,Electronic Injection,Gas,Escalade 2000-2006,Cadillac,Escalade,,Automatic,
Escalade 6.0L V8 Rear-Wheel Drive (RWD),SUV,V8,Escalade 6.0L V8 Rear-Wheel Drive (RWD),Rear-Wheel Drive (RWD),6.0L,Electronic Injection,Gas,Escalade 2000-2006,Cadillac,Escalade,,Automatic,
Escalade 6.2L V8 All-Wheel Drive (AWD),SUV,V8,Escalade 6.2L V8 All-Wheel Drive (AWD),All-Wheel Drive (AWD),6.2L,Electronic Injection,Gas,Escalade 2006-2013,Cadillac,Escalade,,Automatic,
Escalade 6.2L V8 Rear-Wheel Drive (RWD),SUV,V8,Escalade 6.2L V8 Rear-Wheel Drive (RWD),Rear-Wheel Drive (RWD),6.2L,Direct fuel injection with Active Fuel Management,Gas,Escalade 2014-2020,Cadillac,Escalade,,Automatic,
Escalade 6.2L V8 All-Wheel Drive (AWD),SUV,V8,Escalade 6.2L V8 All-Wheel Drive (AWD),All-Wheel Drive (AWD),6.2L,Direct fuel injection with Active Fuel Management,Gas,Escalade 2014-2020,Cadillac,Escalade,,Automatic,
Escalade 6.2L V8 All-Wheel Drive (AWD),SUV,V8,Escalade 6.2L V8 All-Wheel Drive (AWD),All-Wheel Drive (AWD),6.2L,Direct high-pressure fuel injection with Dynamic Fuel Management,Gas,Escalade 2020-Present,Cadillac,Escalade,,Automatic,
Escalade 6.2L V8 Rear-Wheel Drive (RWD),SUV,V8,Escalade 6.2L V8 Rear-Wheel Drive (RWD),Rear-Wheel Drive (RWD),6.2L,Direct high-pressure fuel injection with Dynamic Fuel Management,Gas,Escalade 2020-Present,Cadillac,Escalade,,Automatic,
Escalade 6.2L L6 All-Wheel Drive (AWD),SUV,L6,Escalade 6.2L L6 All-Wheel Drive (AWD),All-Wheel Drive (AWD),6.2L,Turbocharged Common Rail,Diesel,Escalade 2020-Present,Cadillac,Escalade,,Automatic,
Escalade 6.2L L6 Rear-Wheel Drive (RWD),SUV,L6,Escalade 6.2L L6 Rear-Wheel Drive (RWD),Rear-Wheel Drive (RWD),6.2L,Turbocharged Common Rail,Diesel,Escalade 2020-Present,Cadillac,Escalade,,Automatic,
Escalade V 6.2L V8 All-Wheel Drive (AWD),SUV,V8,Escalade V 6.2L V8 All-Wheel Drive (AWD),All-Wheel Drive (AWD),6.2L,Direct Injection,Gas,Escalade V,Cadillac,Escalade,,Automatic,V
Escalade IQ 200 KWh All-Wheel Drive (AWD),SUV,,Escalade IQ 200 KWh All-Wheel Drive (AWD),All-Wheel Drive (AWD),200 KWh,Electric,Electric,Escalade IQ 2023-Present,Cadillac,Escalade,,,IQ
Escalade ESV 6.0L V8 All-Wheel Drive (AWD),SUV,V8,Escalade ESV 6.0L V8 All-Wheel Drive (AWD),All-Wheel Drive (AWD),6.0L,Electronic Injection,Gas,Escalade ESV 2002-2006,Cadillac,Escalade,,Automatic,ESV
Escalade ESV 2006-2013,SUV,,Escalade ESV,,,,Gas,,Cadillac,Escalade,Escalade ESV 6.2L V8 All-Wheel Drive (AWD),,ESV
Escalade ESV 6.2L V8 All-Wheel Drive (AWD),SUV,V8,Escalade ESV 6.2L V8 All-Wheel Drive (AWD),All-Wheel Drive (AWD),6.2L,Electronic Injection,Gas,Escalade ESV 2006-2013,Cadillac,Escalade,,Automatic,ESV
Escalade ESV 2014-2020,SUV,,Escalade ESV,,,,Gas,,Cadillac,Escalade,"Escalade ESV 6.2L V8 All-Wheel Drive (AWD) , Escalade ESV 6.2L V8 Rear-Wheel Drive (RWD)",,ESV
Escalade ESV 6.2L V8 All-Wheel Drive (AWD),SUV,V8,Escalade ESV 6.2L V8 All-Wheel Drive (AWD),All-Wheel Drive (AWD),6.2L,Direct fuel injection with Active Fuel Management,Gas,Escalade ESV 2014-2020,Cadillac,Escalade,,Automatic,ESV
SF90 Stradale 4.0L V8 All-Wheel Drive (AWD),Coupe,V8,SF90 Stradale 4.0L V8 All-Wheel Drive (AWD),All-Wheel Drive (AWD),4.0L,Turbocharged Direct Injection,Hybrid,SF90 Stradale 2019-Present,Ferrari,SF90,,Automatic,Stradale
SF90 XX Spider 2023-Present,Coupe,,SF90 XX Spider,,,,Hybrid,,Ferrari,SF90,SF90 XX Spider 4.0L V8 All-Wheel Drive (AWD),,XX Spider
Escalade ESV 6.2L V8 Rear-Wheel Drive (RWD),SUV,V8,Escalade ESV 6.2L V8 Rear-Wheel Drive (RWD),Rear-Wheel Drive (RWD),6.2L,Direct fuel injection with Active Fuel Management,Gas,Escalade ESV 2014-2020,Cadillac,Escalade,,Automatic,ESV
SF90 Spider 2020-Present,Coupe,,SF90 Spider,,,,Hybrid,,Ferrari,SF90,SF90 Spider 4.0L V8 All-Wheel Drive (AWD),,Spider
Escalade ESV 2020-Present,SUV,,Escalade ESV,,,,"Diesel, Gas",,Cadillac,Escalade,"Escalade ESV 6.2L V8 All-Wheel Drive (AWD) , Escalade ESV 6.2L V8 Rear-Wheel Drive (RWD) , Escalade ESV 3.0L L6 All-Wheel Drive (AWD) , Escalade ESV 3.0L L6 Rear-Wheel Drive (RWD)",,ESV
Escalade ESV 6.2L V8 Rear-Wheel Drive (RWD),SUV,V8,Escalade ESV 6.2L V8 Rear-Wheel Drive (RWD),Rear-Wheel Drive (RWD),6.2L,Direct fuel injection with Active Fuel Management,Gas,Escalade ESV 2020-Present,Cadillac,Escalade,,Automatic,ESV
Escalade ESV 6.2L V8 All-Wheel Drive (AWD),SUV,V8,Escalade ESV 6.2L V8 All-Wheel Drive (AWD),All-Wheel Drive (AWD),6.2L,Direct fuel injection with Active Fuel Management,Gas,Escalade ESV 2020-Present,Cadillac,Escalade,,Automatic,ESV
Escalade ESV 3.0L L6 All-Wheel Drive (AWD),SUV,L6,Escalade ESV 3.0L L6 All-Wheel Drive (AWD),All-Wheel Drive (AWD),3.0L,Turbocharged Common Rail,Diesel,Escalade ESV 2020-Present,Cadillac,Escalade,,Automatic,ESV
SF90 Spider 4.0L V8 All-Wheel Drive (AWD),Coupe,V8,SF90 Spider 4.0L V8 All-Wheel Drive (AWD),All-Wheel Drive (AWD),4.0L,Turbocharged Direct Injection,Hybrid,SF90 Spider 2020-Present,Ferrari,SF90,,Automatic,Spider
Escalade ESV 3.0L L6 Rear-Wheel Drive (RWD),SUV,L6,Escalade ESV 3.0L L6 Rear-Wheel Drive (RWD),Rear-Wheel Drive (RWD),3.0L,Turbocharged Common Rail,Diesel,Escalade ESV 2020-Present,Cadillac,Escalade,,Automatic,ESV
SF90 XX Spider 4.0L V8 All-Wheel Drive (AWD),Coupe,V8,SF90 XX Spider 4.0L V8 All-Wheel Drive (AWD),All-Wheel Drive (AWD),4.0L,Turbocharged Direct Injection,Hybrid,SF90 XX Spider 2023-Present,Ferrari,SF90,,Automatic,XX Spider
SF90 XX Stradale 2023-Present,Coupe,,SF90 XX Stradale,,,,Hybrid,,Ferrari,SF90,SF90 XX Stradale 4.0L V8 All-Wheel Drive (AWD),,XX Stradale
SF90 XX Stradale 4.0L V8 All-Wheel Drive (AWD),Coupe,V8,SF90 XX Stradale 4.0L V8 All-Wheel Drive (AWD),All-Wheel Drive (AWD),4.0L,Turbocharged Direct Injection,Hybrid,SF90 XX Stradale 2023-Present,Ferrari,SF90,,Automatic,XX Stradale
Portofino 3.9L V8 Rear-Wheel Drive (RWD),Coupe,V8,Portofino 3.9L V8 Rear-Wheel Drive (RWD),Rear-Wheel Drive (RWD),3.9L,Turbocharged Direct Injection,Gas,Portofino 2017-2020,Ferrari,Portofino,,Automatic,
Portofino M 2020-Present,Coupe,,Portofino M,,,,Gas,,Ferrari,Portofino,Portofino M 3.9L V8 Rear-Wheel Drive (RWD),,M
Portofino M 3.9L V8 Rear-Wheel Drive (RWD),Coupe,V8,Portofino M 3.9L V8 Rear-Wheel Drive (RWD),Rear-Wheel Drive (RWD),3.9L,Turbocharged Direct Injection,Gas,Portofino M 2020-Present,Ferrari,Portofino,,Automatic,M
F8 Tributo 3.9L V8 Rear-Wheel Drive (RWD),Coupe,V8,F8 Tributo 3.9L V8 Rear-Wheel Drive (RWD),Rear-Wheel Drive (RWD),3.9L,Turbocharge Direct Injection,Gas,F8 Tributo 2019-Present,Ferrari,F8,,Automatic,Tributo
F8 Spider 3.9L V8 Rear-Wheel Drive (RWD),Coupe,V8,F8 Spider 3.9L V8 Rear-Wheel Drive (RWD),Rear-Wheel Drive (RWD),3.9L,Turbocharged Direct Injection,Gas,F8 Spider 2019-2023,Ferrari,F8,,Automatic,Spider
F12 Berlinetta 6.3L V12 Rear-Wheel Drive (RWD),Coupe,V12,F12 Berlinetta 6.3L V12 Rear-Wheel Drive (RWD),Rear-Wheel Drive (RWD),6.3L,Direct Injection,Gas,F12 Berlinetta 2012-2015,Ferrari,F12,,Automatic,Berlinetta
Ram 1993-2002,SUV,,Ram,,,,"Diesel, Gas",,Dodge,Ram,"Ram 3.9L V6 All-Wheel Drive (AWD) , Ram 5.2L V8 All-Wheel Drive (AWD) , Ram 5.9L V8 All-Wheel Drive (AWD) , Ram 8.0L V10 All-Wheel Drive (AWD) , Ram 5.9L 5AT L6 All-Wheel Drive (AWD) , Ram 5.9L 5MT L6 All-Wheel Drive (AWD)",,
F12tdf 6.3L V12 Rear-Wheel Drive (RWD),Coupe,V12,F12 tdf 6.3L V12 Rear-Wheel Drive (RWD),Rear-Wheel Drive (RWD),6.3L,Direct Injection,Gas,F12tdf 2015-2017,Ferrari,F12,,Automatic,tdf
Ram 3.9L V6 All-Wheel Drive (AWD),SUV,V6,Ram 3.9L V6 All-Wheel Drive (AWD),All-Wheel Drive (AWD),3.9L,Electronic Injection,Gas,Ram 1993-2002,Dodge,Ram,,Manual,
Ram 5.2L V8 All-Wheel Drive (AWD),SUV,V8,Ram 5.2L V8 All-Wheel Drive (AWD),All-Wheel Drive (AWD),5.2L,Electronic Injection,Gas,Ram 1993-2002,Dodge,Ram,,Manual,
Ram 5.9L V8 All-Wheel Drive (AWD),SUV,V8,Ram 5.9L V8 All-Wheel Drive (AWD),All-Wheel Drive (AWD),5.9L,Electronic Injection,Gas,Ram 1993-2002,Dodge,Ram,,Manual,
Ram 8.0L V10 All-Wheel Drive (AWD),SUV,V10,Ram 8.0L V10 All-Wheel Drive (AWD),All-Wheel Drive (AWD),8.0L,Electronic Injection,Gas,Ram 1993-2002,Dodge,Ram,,Manual,
488 Pista 3.9L V8 Rear-Wheel Drive (RWD),Coupe,V8,488 Pista 3.9L V8 Rear-Wheel Drive (RWD),Rear-Wheel Drive (RWD),3.9L,Turbocharged Direct Injection,Gas,488 Pista 2018-Present,Ferrari,488,,Automatic,Pista
Ram 5.9L 5AT L6 All-Wheel Drive (AWD),SUV,L6,Ram 5.9L L6 All-Wheel Drive (AWD),All-Wheel Drive (AWD),5.9L,Electronic Injection,Diesel,Ram 1993-2002,Dodge,Ram,,Automatic,
488 GTB 3.9L V8 Rear-Wheel Drive (RWD),Coupe,V8,488 GTB 3.9L V8 Rear-Wheel Drive (RWD),Rear-Wheel Drive (RWD),3.9L,Turbocharged Direct Injection,Gas,488 GTB 2015-2019,Ferrari,488,,Automatic,GTB
488 Spider 3.9L V8 Rear-Wheel Drive (RWD),Convertible,V8,488 Spider 3.9L V8 Rear-Wheel Drive (RWD),Rear-Wheel Drive (RWD),3.9L,Turbocharged Direct Injection,Gas,488 Spider 2016-2019,Ferrari,488,,Automatic,Spider
Ram 5.9L 5MT L6 All-Wheel Drive (AWD),SUV,L6,Ram 5.9L L6 All-Wheel Drive (AWD),All-Wheel Drive (AWD),5.9L,Electronic Injection,Diesel,Ram 1993-2002,Dodge,Ram,,Manual,
458 Italia 4.5L V8 Rear-Wheel Drive (RWD),Coupe,V8,458 Italia 4.5L V8 Rear-Wheel Drive (RWD),Rear-Wheel Drive (RWD),4.5L,Turbocharged direct injection,Gas,458 Italia 2009-2015,Ferrari,458,,Automatic,Italia
458 Speciale 4.5L V8 Rear-Wheel Drive (RWD),Coupe,V8,458 Speciale 4.5L V8 Rear-Wheel Drive (RWD),Rear-Wheel Drive (RWD),4.5L,Direct injection,Gas,458 Speciale 2013-2015,Ferrari,458,,Automatic,Speciale
458 Speciale Aperta 4.5L V8 Rear-Wheel Drive (RWD),Convertible,V8,458 Speciale Aperta 4.5L V8 Rear-Wheel Drive (RWD),Rear-Wheel Drive (RWD),4.5L,Direct Injection,Gas,458 Speciale Aperta,Ferrari,458,,Automatic,Speciale Aperta
458 Spider 4.5L V8 Rear-Wheel Drive (RWD),Convertible,V8,458 Spider 4.5L V8 Rear-Wheel Drive (RWD),Rear-Wheel Drive (RWD),4.5L,Direct Injection,Gas,458 Spider 2011-2015,Ferrari,458,,Automatic,Spider
Ram 1500 2009-Present,SUV,,Ram 1500,,,,"Diesel, Gas",,Dodge,Ram,"Ram 1500 3.7L V6 Rear-Wheel Drive (RWD) , Ram 1500 4.7L V8 Rear-Wheel Drive (RWD) , Ram 1500 5.7L V8 Rear-Wheel Drive (RWD) , Ram 1500 6.7d L6 All-Wheel Drive (AWD) , Ram 1500 6.7d L6 All-Wheel Drive (AWD)",,1500
Ram 1500 3.7L V6 Rear-Wheel Drive (RWD),SUV,V6,Ram 1500 3.7L V6 Rear-Wheel Drive (RWD),Rear-Wheel Drive (RWD),3.7L,Sequential Multi-port Injection,Gas,Ram 1500 2009-Present,Dodge,Ram,,Automatic,1500
Ram 1500 4.7L V8 Rear-Wheel Drive (RWD),SUV,V8,Ram 1500 4.7L V8 Rear-Wheel Drive (RWD),Rear-Wheel Drive (RWD),4.7L,Sequential Multi-port Injection,Gas,Ram 1500 2009-Present,Dodge,Ram,,Automatic,1500
Ram 1500 5.7L V8 Rear-Wheel Drive (RWD),SUV,V8,Ram 1500 5.7L V8 Rear-Wheel Drive (RWD),Rear-Wheel Drive (RWD),5.7L,Sequential Multi-port Injection,Gas,Ram 1500 2009-Present,Dodge,Ram,,Automatic,1500
Ram 1500 6.7d L6 All-Wheel Drive (AWD),SUV,L6,Ram 1500 6.7d L6 All-Wheel Drive (AWD),All-Wheel Drive (AWD),6.7d,Common Rail,Diesel,Ram 1500 2009-Present,Dodge,Ram,,Automatic,1500
Ram 1500 6.7d L6 All-Wheel Drive (AWD),SUV,L6,Ram 1500 6.7d L6 All-Wheel Drive (AWD),All-Wheel Drive (AWD),6.7d,Common Rail,Diesel,Ram 1500 2009-Present,Dodge,Ram,,Manual,1500
430 Scuderia 4.3L V8 Rear-Wheel Drive (RWD),Coupe,V8,430 Scuderia 4.3L V8 Rear-Wheel Drive (RWD),Rear-Wheel Drive (RWD),4.3L,Multipoint Injection,Gas,430 Scuderia 2007-2009,Ferrari,430,,Automatic,Scuderia
GTV 1995-2003,Coupe,,GTV,,,,Gas,,Alfa-Romeo,GTV,"GTV 1.8L L4 Front-Wheel Drive (FWD) , GTV 2.0L L4 Front-Wheel Drive (FWD) , GTV 3.0L L4 Front-Wheel Drive (FWD)",,
GTV 1.8L L4 Front-Wheel Drive (FWD),Coupe,L4,GTV 1.8L L4 Front-Wheel Drive (FWD),Front-Wheel Drive (FWD),1.8L,Multipoint Injection,Gas,GTV 1995-2003,Alfa-Romeo,GTV,,Manual,
F430 2004-2009,Coupe,,F430,,,,Gas,,Ferrari,F430,"F430 4.3L V8 Rear-Wheel Drive (RWD) , F430 4.3L V8 Rear-Wheel Drive (RWD)",,
GTV 2.0L L4 Front-Wheel Drive (FWD),Coupe,L4,GTV 2.0L L4 Front-Wheel Drive (FWD),Front-Wheel Drive (FWD),2.0L,Multipoint Injection,Gas,GTV 1995-2003,Alfa-Romeo,GTV,,Manual,
GTV 3.0L L4 Front-Wheel Drive (FWD),Coupe,L4,GTV 3.0L L4 Front-Wheel Drive (FWD),Front-Wheel Drive (FWD),3.0L,Multipoint Injection,Gas,GTV 1995-2003,Alfa-Romeo,GTV,,Manual,
GTV 2003-2005,Coupe,,GTV,,,,Gas,,Alfa-Romeo,GTV,"GTV 2.0L JTS L4 Front-Wheel Drive (FWD) , GTV 2.0L TS L4 Front-Wheel Drive (FWD) , GTV 3.2L V6 Front-Wheel Drive (FWD)",,
F430 4.3L V8 Rear-Wheel Drive (RWD),Coupe,V8,F430 4.3L V8 Rear-Wheel Drive (RWD),Rear-Wheel Drive (RWD),4.3L,Multipoint Injection,Gas,F430 2004-2009,Ferrari,F430,,Automatic,
GTV 2.0L JTS L4 Front-Wheel Drive (FWD),Coupe,L4,GTV 2.0L L4 Front-Wheel Drive (FWD),Front-Wheel Drive (FWD),2.0L,Direct Injection,Gas,GTV 2003-2005,Alfa-Romeo,GTV,,Manual,
GTV 2.0L TS L4 Front-Wheel Drive (FWD),Coupe,L4,GTV 2.0L L4 Front-Wheel Drive (FWD),Front-Wheel Drive (FWD),2.0L,Multipoint Injection,Gas,GTV 2003-2005,Alfa-Romeo,GTV,,Manual,
F430 Spider 4.3L V8 Rear-Wheel Drive (RWD),Convertible,V8,F430 Spider 4.3L V8 Rear-Wheel Drive (RWD),Rear-Wheel Drive (RWD),4.3L,Multipoint Injection,Gas,F430 Spider 2005-2009,Ferrari,F430,,Automatic,Spider
GTV 3.2L V6 Front-Wheel Drive (FWD),Coupe,V6,GTV 3.2L V6 Front-Wheel Drive (FWD),Front-Wheel Drive (FWD),3.2L,Multipoint Injection,Gas,GTV 2003-2005,Alfa-Romeo,GTV,,Manual,
F430 Spider 4.3L V8 Rear-Wheel Drive (RWD),Convertible,V8,F430 Spider 4.3L V8 Rear-Wheel Drive (RWD),Rear-Wheel Drive (RWD),4.3L,Multipoint Injection,Gas,F430 Spider 2005-2009,Ferrari,F430,,Manual,Spider
360 Challenge Stradale 3.6L V8 Rear-Wheel Drive (RWD),Coupe,V8,360 Challenge Stradale 3.6L V8 Rear-Wheel Drive (RWD),Rear-Wheel Drive (RWD),3.6L,Multipoint Injection,Gas,360 Challenge Stradale 2003-2005,Ferrari,360,,Automatic,Challenge Stradale
360 Modena 4.0L V8 Rear-Wheel Drive (RWD),Coupe,V8,360 Modena 4.0L V8 Rear-Wheel Drive (RWD),Rear-Wheel Drive (RWD),4.0L,Multipoint Injection,Gas,360 Modena 1999-2004,Ferrari,360,,Automatic,Modena
360 Spider 4.0L V8 Rear-Wheel Drive (RWD),Convertible,V8,360 Spider 4.0L V8 Rear-Wheel Drive (RWD),Rear-Wheel Drive (RWD),4.0L,Multipoint Injection,Gas,360 Spider 2000-2005,Ferrari,360,,Automatic,Spider
360 Modena 4.0L V8 Rear-Wheel Drive (RWD),Coupe,V8,360 Modena 4.0L V8 Rear-Wheel Drive (RWD),Rear-Wheel Drive (RWD),4.0L,Multipoint Injection,Gas,360 Modena 1999-2004,Ferrari,360,,Manual,Modena
360 Spider 4.0L V8 Rear-Wheel Drive (RWD),Convertible,V8,360 Spider 4.0L V8 Rear-Wheel Drive (RWD),Rear-Wheel Drive (RWD),4.0L,Multipoint Injection,Gas,360 Spider 2000-2005,Ferrari,360,,Manual,Spider
California T 3.8L V8 Rear-Wheel Drive (RWD),Convertible,V8,California T 3.8L V8 Rear-Wheel Drive (RWD),Rear-Wheel Drive (RWD),3.8L,Turbocharged Direct Injection,Gas,California T 2012-2014,Ferrari,California,,Automatic,T
California F149 2012-2017,Convertible,,California F149,,,,Gas,,Ferrari,California F149,"California F149 4.3L V8 Rear-Wheel Drive (RWD) , California F149 4.3L V8 Rear-Wheel Drive (RWD)",,
California F149 4.3L V8 Rear-Wheel Drive (RWD),Convertible,V8,California F149 4.3L V8 Rear-Wheel Drive (RWD),Rear-Wheel Drive (RWD),4.3L,Direct Injection,Gas,California F149 2012-2017,Ferrari,California F149,,Automatic,
California F149 4.8L V8 Rear-Wheel Drive (RWD),Convertible,V8,California F149 4.8L V8 Rear-Wheel Drive (RWD),Rear-Wheel Drive (RWD),4.8L,Direct Injection,Gas,California F149 2008-2011,Ferrari,California F149,,Manual,
California F149 4.8L V8 Rear-Wheel Drive (RWD),Convertible,V8,California F149 4.8L V8 Rear-Wheel Drive (RWD),Rear-Wheel Drive (RWD),4.8L,Direct Injection,Gas,California F149 2008-2011,Ferrari,California F149,,Automatic,
California F149 4.3L V8 Rear-Wheel Drive (RWD),Convertible,V8,California F149 4.3L V8 Rear-Wheel Drive (RWD),Rear-Wheel Drive (RWD),4.3L,Direct Injection,Gas,California F149 2012-2017,Ferrari,California F149,,Manual,
80 Avant RS2 1994-1996,Wagon,,80 Avant RS2,,,,Gas,,Audi,80,80 Avant RS2 2.2L L5 All-Wheel Drive (AWD),,Avant RS2
80 Avant RS2 2.2L L5 All-Wheel Drive (AWD),Wagon,L5,80 Avant RS2 2.2L L5 All-Wheel Drive (AWD),All-Wheel Drive (AWD),2.2L,Turbocharged Multipoint Injection,Gas,80 Avant RS2 1994-1996,Audi,80,,Manual,Avant RS2
80 Avant S2 1993-1995,Wagon,,80 Avant S2,,,,Gas,,Audi,80,80 Avant S2 2.2L L5 All-Wheel Drive (AWD),,Avant S2
80 Avant S2 2.2L L5 All-Wheel Drive (AWD),Wagon,L5,80 Avant S2 2.2L L5 All-Wheel Drive (AWD),All-Wheel Drive (AWD),2.2L,Turbocharged Multipoint Injection,Gas,80 Avant S2 1993-1995,Audi,80,,Manual,Avant S2
80 S2 1993-1995,Wagon,,80 S2,,,,Gas,,Audi,80,80 S2 2.2L L5 All-Wheel Drive (AWD),,S2
80 S2 2.2L L5 All-Wheel Drive (AWD),Wagon,L5,80 S2 2.2L L5 All-Wheel Drive (AWD),All-Wheel Drive (AWD),2.2L,Turbocharged Multipoint Injection,Gas,80 S2 1993-1995,Audi,80,,Manual,S2
F355 Spider 3.5L V8 Rear-Wheel Drive (RWD),Convertible,V8,F355 Spider 3.5L V8 Rear-Wheel Drive (RWD),Rear-Wheel Drive (RWD),3.5L,Multipoint Injection,Gas,F355 Spider 1995-1999,Ferrari,F355,,Automatic,Spider
F355 3.5L V8 Rear-Wheel Drive (RWD),Coupe,V8,F355 3.5L V8 Rear-Wheel Drive (RWD),Rear-Wheel Drive (RWD),3.5L,Multipoint Injection,Gas,F355 1994-1999,Ferrari,F355,,Automatic,
F355 3.5L V8 Rear-Wheel Drive (RWD),Coupe,V8,F355 3.5L V8 Rear-Wheel Drive (RWD),Rear-Wheel Drive (RWD),3.5L,Multipoint Injection,Gas,F355 1994-1999,Ferrari,F355,,Manual,
F355 GTS 1995-1999,Coupe,,F355 GTS,,,,Gas,,Ferrari,F355,"F355 GTS 3.5L V8 Rear-Wheel Drive (RWD) , F355 GTS 3.5L V8 Rear-Wheel Drive (RWD)",,GTS
F355 GTS 3.5L V8 Rear-Wheel Drive (RWD),Coupe,V8,F355 GTS 3.5L V8 Rear-Wheel Drive (RWD),Rear-Wheel Drive (RWD),3.5L,Multipoint Injection,Gas,F355 GTS 1995-1999,Ferrari,F355,,Automatic,GTS
F355 GTS 3.5L V8 Rear-Wheel Drive (RWD),Coupe,V8,F355 GTS 3.5L V8 Rear-Wheel Drive (RWD),Rear-Wheel Drive (RWD),3.5L,Multipoint Injection,Gas,F355 GTS 1995-1999,Ferrari,F355,,Manual,GTS
F355 Spider 3.5L V8 Rear-Wheel Drive (RWD),Convertible,V8,F355 Spider 3.5L V8 Rear-Wheel Drive (RWD),Rear-Wheel Drive (RWD),3.5L,Multipoint Injection,Gas,F355 Spider 1995-1999,Ferrari,F355,,Manual,Spider
599 GTB Fiorano 6.0L V12 Rear-Wheel Drive (RWD),Coupe,V12,599 GTB Fiorano 6.0L V12 Rear-Wheel Drive (RWD),Rear-Wheel Drive (RWD),6.0L,Multipoint Injection,Gas,599 GTB Fiorano 2006-2012,Ferrari,599,,Automatic,GTB Fiorano
599 GTB Fiorano 6.0L V12 Rear-Wheel Drive (RWD),Coupe,V12,599 GTB Fiorano 6.0L V12 Rear-Wheel Drive (RWD),Rear-Wheel Drive (RWD),6.0L,Multipoint Injection,Gas,599 GTB Fiorano 2006-2012,Ferrari,599,,Manual,GTB Fiorano
599 GTO 6.0L V12 Rear-Wheel Drive (RWD),Coupe,V12,599 GTO 6.0L V12 Rear-Wheel Drive (RWD),Rear-Wheel Drive (RWD),6.0L,Direct Injection,Gas,599 GTO 2010-2012,Ferrari,599,,Automatic,GTO
348 ts 3.4L V8 Rear-Wheel Drive (RWD),Coupe,V8,348 ts 3.4L V8 Rear-Wheel Drive (RWD),Rear-Wheel Drive (RWD),3.4L,Multipoint Injection,Gas,348 ts 1989-1993,Ferrari,348,,Manual,ts
348 tb 3.4L V8 Rear-Wheel Drive (RWD),Coupe,V8,348 tb 3.4L V8 Rear-Wheel Drive (RWD),Rear-Wheel Drive (RWD),3.4L,Multipoint Injection,Gas,348 tb 1989-1993,Ferrari,348,,Manual,tb
348 GTS 3.4L V8 Rear-Wheel Drive (RWD),Coupe,V8,348 GTS 3.4L V8 Rear-Wheel Drive (RWD),Rear-Wheel Drive (RWD),3.4L,Multipoint Injection,Gas,348 GTS 1993-1994,Ferrari,348,,Manual,GTS
348 GTB 3.4L V8 Rear-Wheel Drive (RWD),Coupe,V8,348 GTB 3.4L V8 Rear-Wheel Drive (RWD),Rear-Wheel Drive (RWD),3.4L,Multipoint Injection,Gas,348 GTB 1993-1994,Ferrari,348,,Manual,GTB
Cullinan 2018-Present,SUV,,Cullinan,,,,Gas,,Rolls-Royce,Cullinan,Cullinan 6.75L V12 All-Wheel Drive (AWD),,
Cullinan 6.75L V12 All-Wheel Drive (AWD),SUV,V12,Cullinan 6.75L V12 All-Wheel Drive (AWD),All-Wheel Drive (AWD),6.75L,Turbocharged Direct Injection,Gas,Cullinan 2018-Present,Rolls-Royce,Cullinan,,Automatic,